shortcodes-filters,mcanouil/quarto-lua-env
shortcodes-filters,mcanouil/quarto-spotlight
shortcodes-filters,mcanouil/quarto-iconify
shortcodes-filters,mcanouil/quarto-elevator
shortcodes-filters,mcanouil/quarto-animate
shortcodes-filters,mcanouil/quarto-version-badge
shortcodes-filters,mcanouil/quarto-preview-colour
formats,mcanouil/quarto-revealjs-coeos
formats,mcanouil/quarto-revealjs-storybook
formats,mcanouil/quarto-letter
formats,mcanouil/quarto-invoice
formats,RLille/quarto-revealjs-rlille
shortcodes-filters,quarto-ext/fancy-text
shortcodes-filters,quarto-ext/fontawesome
shortcodes-filters,quarto-ext/latex-environment
shortcodes-filters,quarto-ext/lightbox
shortcodes-filters,jmgirard/lordicon
shortcodes-filters,schochastics/academicons
shortcodes-filters,jmbuhr/quarto-molstar
shortcodes-filters,pandoc-ext/abstract-section
shortcodes-filters,andrie/reveal-auto-agenda
shortcodes-filters,schochastics/quarto-social-share
shortcodes-filters,schochastics/quarto-nutshell
shortcodes-filters,pandoc-ext/section-bibliographies
shortcodes-filters,jmbuhr/quarto-qrcode
shortcodes-filters,jjallaire/code-visibility
shortcodes-filters,EmilHvitfeldt/quarto-roughnotation
shortcodes-filters,quarto-ext/attribution
shortcodes-filters,quarto-ext/shinylive
shortcodes-filters,quarto-ext/pointer
shortcodes-filters,sellorm/quarto-social-embeds
shortcodes-filters,shafayetShafee/bsicons
shortcodes-filters,shafayetShafee/collapse-callout
shortcodes-filters,quarto-ext/include-code-files
shortcodes-filters,EmilHvitfeldt/quarto-designmode
shortcodes-filters,ArthurData/quarto-confetti
shortcodes-filters,feynlee/code-insertion
shortcodes-filters,EmilHvitfeldt/quarto-snow
shortcodes-filters,zachcp/quarto-swissbiopics
shortcodes-filters,dfalbel/chord-sheet
shortcodes-filters,jskherman/inadsense
shortcodes-filters,jlgraves-ubc/forms
shortcodes-filters,smutch/quarto-rev-history
shortcodes-filters,Martinomagnifico/quarto-verticator
shortcodes-filters,pandoc-ext/multibib
shortcodes-filters,CenterOnBudget/quarto-stata-facade
shortcodes-filters,kapsner/authors-block
shortcodes-filters,shafayetShafee/line-highlight
shortcodes-filters,sokotim/hedgedoc-slides
shortcodes-filters,shafayetShafee/collapse-social-embeds
shortcodes-filters,shafayetShafee/reveal-header
shortcodes-filters,shafayetShafee/downloadthis
shortcodes-filters,shafayetShafee/add-code-files
shortcodes-filters,shafayetShafee/hide-comment
shortcodes-filters,shafayetShafee/nameref
shortcodes-filters,shafayetShafee/material-icons
shortcodes-filters,coatless/quarto-webr
shortcodes-filters,shafayetShafee/black-formatter
shortcodes-filters,jmgirard/embedpdf
shortcodes-filters,ute/custom-numbered-blocks
shortcodes-filters,shafayetShafee/interactive-sql
shortcodes-filters,andrewpbray/glossary
shortcodes-filters,EmilHvitfeldt/quarto-revealjs-codewindow
shortcodes-filters,EmilHvitfeldt/quarto-revealjs-highlightword
shortcodes-filters,rchaput/acronyms
formats,quarto-journals/acm
formats,quarto-journals/acs
formats,quarto-journals/agu
formats,quarto-journals/biophysical-journal
formats,quarto-journals/elsevier
formats,quarto-journals/jasa
formats,quarto-journals/jss
formats,quarto-journals/plos
formats,mikemahoney218/quarto-arxiv
formats,mikemahoney218/quarto-tandf
formats,smnnlt/sportrxiv
formats,computorg/computo-quarto-extension
formats,kelly-sovacool/asm-msystems
formats,juliantao/quarto-asce
formats,sebdunnett/quarto-iop
formats,espinielli/joas-template
formats,christopherkenny/pnas
formats,christopherkenny/apsr
formats,beatrizmilz/quarto-rladies-theme
formats,RLesur/onyxia-quarto
formats,hrbrmstr/quarto-organization-template
formats,schochastics/quarto-blackboard-theme
formats,EmilHvitfeldt/quarto-nes-theme
formats,padsInsper/quarto-insper-theme
formats,EmilHvitfeldt/quarto-revealjs-letterbox
formats,malcolmbarrett/kakashi-quarto-theme
formats,grantmcdermott/quarto-revealjs-clean
formats,EmilHvitfeldt/quarto-revealjs-cinco-de-mayo
formats,pharmaR/rvalhub-quarto
formats,ThinkR-open/quakr
formats,schochastics/quarto-sketchy-html
formats,mccarthy-m-g/quarto-lcars-theme
formats,juba/bookup-html
formats,andrewheiss/hikmah-academic-quarto
formats,nmfs-opensci/quarto_titlepages
formats,cmarquardt/quarto-simple-article
formats,juliantao/qletter
formats,nareal/nastatement
formats,nareal/naletter
formats,nareal/nanotes
formats,numbats/monash-quarto-letter
formats,numbats/monash-quarto-memo
formats,numbats/monash-quarto-workingpaper
formats,numbats/monash-quarto-report
formats,numbats/monash-quarto-thesis
formats,mavam/quarto-brief
formats,arcruz0/quarto-compact
formats,mps9506/quarto-cv
formats,spyrales/quarto-gouv
formats,davidcarayon/quarto-inrae-extension
formats,fredguth/tufte-quarto
formats,wjschne/apaquarto
shortcodes-filters,shafayetShafee/code-fullscreen
shortcodes-filters,shafayetShafee/hide-comment
shortcodes-filters,leovan/quarto-pseudocode
shortcodes-filters,shafayetShafee/material-icons
shortcodes-filters,dialoa/first-line-indent
shortcodes-filters,shafayetShafee/reveal-header
shortcodes-filters,shafayetShafee/black-formatter
shortcodes-filters,dialoa/recursive-citeproc
shortcodes-filters,ute/search-replace
shortcodes-filters,shafayetShafee/interactive-sql
shortcodes-filters,ttalVlatt/Quarto-Docx-Horizontal-Rule
shortcodes-filters,clearmatics/qreacto
shortcodes-filters,data-intuitive/quarto-d2
shortcodes-filters,kdheepak/quarto-svgbob
shortcodes-filters,andrewheiss/quarto-wordcount
formats,coatless/quarto-illinois
formats,grantmcdermott/quarto-revealjs-clean
shortcodes-filters,produnis/quarto-timer
shortcodes-filters,dragonstyle/share-post
